{   
    "name": "nats",
    "devices": ["edgegpu", "raspi4", "pixel3", "eyeriss", "fpga", "silver_4114",
                "gold_6240", "1080ti", "2080ti", "essential_ph", "samsung_s7",
                "samsung_a50", "titan_rtx", "titanx", "silver_4210r", "gold_6226",
                "titanxp", "pixel2"],
    "metrics": ["latency"],
    "operations": ["none", "skip_connect", "avg_pool_3x3", "nor_conv_1x1", "nor_conv_3x3"],
    "architecture_length": 6,
    "number_of_architectures": 15625,
    "edgegpu_latency": {
        "skip_connect": 0.7391363779703777,
        "nor_conv_1x1": 1.5818309783935547,
        "nor_conv_3x3": 1.5416733423868814,
        "none": 0.11713314056396484,
        "avg_pool_3x3": 1.1348028182983398
    },
    "mean_edgegpu_latency": 5.0511,
    "std_edgegpu_latency": 1.5268,
    "min_edgegpu_latency": 0.5014,
    "max_edgegpu_latency": 11.62,
    "raspi4_latency": {
        "skip_connect": 0.5562589746599162,
        "nor_conv_1x1": 3.4747286479978357,
        "nor_conv_3x3": 13.991991278657224,
        "none": 0.002575253335332188,
        "avg_pool_3x3": 3.1868701840042677
    },
    "mean_raspi4_latency": 27.523,
    "std_raspi4_latency": 15.213,
    "min_raspi4_latency": 0.01128,
    "max_raspi4_latency": 98.89,
    "pixel3_latency": {
        "skip_connect": 0.25687139999999997,
        "nor_conv_1x1": 0.8786893333333332,
        "nor_conv_3x3": 5.7737066666666665,
        "none": 0.001281816,
        "avg_pool_3x3": 1.884162
    },
    "mean_pixel3_latency": 11.214,
    "std_pixel3_latency": 6.2590,
    "min_pixel3_latency": 0.003277,
    "max_pixel3_latency": 36.7665,
    "eyeriss_latency": {
        "skip_connect": 0.2523426666666667,
        "nor_conv_1x1": 0.4735266666666669,
        "nor_conv_3x3": 1.5794466666666667,
        "none": 0.2523426666666667,
        "avg_pool_3x3": 1.5794466666666667
    },
    "mean_eyeriss_latency": 5.5133,
    "std_eyeriss_latency": 1.6856,
    "fpga_latency": {
        "skip_connect": 0.170016,
        "nor_conv_1x1": 0.634656,
        "nor_conv_3x3": 1.3875413333333333,
        "none": 0.170016,
        "avg_pool_3x3": 0.538656
    },
    "mean_fpga_latency": 3.7518,
    "std_fpga_latency": 1.1290,
    "min_fpga_latency": 1.1330,
    "max_fpga_latency": 8.678,
    "silver_4114_latency": {
        "none": 0.9108551343282064,
        "skip_connect": 0.8019010225931803,
        "avg_pool_3x3": 1.4614017804463704,
        "nor_conv_1x1": 3.8213958740234375,
        "nor_conv_3x3": 8.012852986653646
    },
    "mean_silver_4114_latency": 18.969709396362305,
    "std_silver_4114_latency": 6.555815696716309,
    "min_silver_4114_latency": 4.549770355224609,
    "max_silver_4114_latency": 48.077117919921875,
    "gold_6240_latency": {
        "none": 0.7373778025309244,
        "skip_connect": 0.5707105000813802,
        "avg_pool_3x3": 1.0247159004211426,
        "nor_conv_1x1": 1.8820881843566895,
        "nor_conv_3x3": 3.7575079600016275
    },
    "mean_gold_6240_latency": 10.310382843017578,
    "std_gold_6240_latency": 3.367917060852051,
    "min_gold_6240_latency": 2.9943132400512695,
    "max_gold_6240_latency": 25.283302307128906,
    "1080ti_latency": {
        "none": 0.9205794334411621,
        "skip_connect": 0.5994343757629395,
        "avg_pool_3x3": 0.9424606959025065,
        "nor_conv_1x1": 2.6653552055358887,
        "nor_conv_3x3": 2.745815912882487
    },
    "mean_1080ti_latency": 9.843755722045898,
    "std_1080ti_latency": 2.3319931030273438,
    "min_1080ti_latency": 3.5966062545776367,
    "max_1080ti_latency": 17.087169647216797,
    "2080ti_latency": {
        "none": 0.666353702545166,
        "skip_connect": 0.4468814531962077,
        "avg_pool_3x3": 0.7307028770446777,
        "nor_conv_1x1": 2.14326540629069,
        "nor_conv_3x3": 2.0485313733418784
    },
    "mean_2080ti_latency": 7.793471813201904,
    "std_2080ti_latency": 1.9435423612594604,
    "min_2080ti_latency": 2.681288719177246,
    "max_2080ti_latency": 15.851192474365234,
    "essential_ph_latency": {
        "none": 0.6666666666666666,
        "skip_connect": 0.5,
        "avg_pool_3x3": 1.6666666666666667,
        "nor_conv_1x1": 3.1666666666666665,
        "nor_conv_3x3": 5.5
    },
    "mean_essential_ph_latency": 14.32755184173584,
    "std_essential_ph_latency": 4.898885250091553,
    "min_essential_ph_latency": 3.0,
    "max_essential_ph_latency": 45.0,
    "samsung_s7_latency": {
        "none": 1.3333333333333333,
        "skip_connect": 1.0,
        "avg_pool_3x3": 2.1666666666666665,
        "nor_conv_1x1": 6.333333333333333,
        "nor_conv_3x3": 9.0
    },
    "mean_samsung_s7_latency": 25.308992385864258,
    "std_samsung_s7_latency": 9.070159912109375,
    "min_samsung_s7_latency": 5.0,
    "max_samsung_s7_latency": 90.0,
    "samsung_a50_latency": {
        "none": 1.1666666666666667,
        "skip_connect": 0.8333333333333334,
        "avg_pool_3x3": 2.0,
        "nor_conv_1x1": 3.6666666666666665,
        "nor_conv_3x3": 12.333333333333334
    },
    "mean_samsung_a50_latency": 22.164287567138672,
    "std_samsung_a50_latency": 8.696183204650879,
    "min_samsung_a50_latency": 5.0,
    "max_samsung_a50_latency": 183.0,
    "titan_rtx_latency": {
        "none": 0.6415208180745443,
        "skip_connect": 0.41426976521809894,
        "avg_pool_3x3": 0.6043068567911783,
        "nor_conv_1x1": 1.7020543416341145,
        "nor_conv_3x3": 1.7264930407206218
    },
    "mean_titan_rtx_latency": 6.526577472686768,
    "std_titan_rtx_latency": 1.4714165925979614,
    "min_titan_rtx_latency": 2.4856185913085938,
    "max_titan_rtx_latency": 12.18313217163086,
    "titanx_latency": {
        "none": 0.7971517244974772,
        "skip_connect": 0.5427122116088867,
        "avg_pool_3x3": 0.8755286534627279,
        "nor_conv_1x1": 2.4842119216918945,
        "nor_conv_3x3": 2.5421675046284995
    },
    "mean_titanx_latency": 9.085230827331543,
    "std_titanx_latency": 2.205927610397339,
    "min_titanx_latency": 3.2562732696533203,
    "max_titanx_latency": 16.656536102294922,
    "silver_4210r_latency": {
        "none": 0.7976945241292318,
        "skip_connect": 0.6471649805704752,
        "avg_pool_3x3": 1.1705931027730305,
        "nor_conv_1x1": 2.609571615854899,
        "nor_conv_3x3": 5.639001210530599
    },
    "mean_silver_4210r_latency": 13.989164352416992,
    "std_silver_4210r_latency": 4.697763919830322,
    "min_silver_4210r_latency": 3.8829898834228516,
    "max_silver_4210r_latency": 33.834007263183594,
    "gold_6226_latency": {
        "none": 0.5965487162272135,
        "skip_connect": 0.4441221555074056,
        "avg_pool_3x3": 0.8078972498575846,
        "nor_conv_1x1": 2.8430913289388022,
        "nor_conv_3x3": 3.0348889032999673
    },
    "mean_gold_6226_latency": 9.737533569335938,
    "std_gold_6226_latency": 2.8239238262176514,
    "min_gold_6226_latency": 2.6647329330444336,
    "max_gold_6226_latency": 20.37313461303711,
    "titanxp_latency": {
        "none": 0.8712108929951986,
        "skip_connect": 0.6451288859049479,
        "avg_pool_3x3": 0.9213916460673014,
        "nor_conv_1x1": 2.675450007120768,
        "nor_conv_3x3": 2.621316115061442
    },
    "mean_titanxp_latency": 9.67654037475586,
    "std_titanxp_latency": 2.3558735847473145,
    "min_titanxp_latency": 3.6002540588378906,
    "max_titanxp_latency": 18.379100799560547,
    "pixel2_latency": {
        "none": 1.0,
        "skip_connect": 0.6666666666666666,
        "avg_pool_3x3": 1.6666666666666667,
        "nor_conv_1x1": 3.6666666666666665,
        "nor_conv_3x3": 6.666666666666667
    },
    "mean_pixel2_latency": 15.72537612915039,
    "std_pixel2_latency": 5.436870574951172,
    "min_pixel2_latency": 4.0,
    "max_pixel2_latency": 51.0,
    "naswot_mean": 739.2,
    "naswot_std": 99.95,
    "logsynflow_mean": 1.754e6,
    "logsynflow_std": 1.507e6,
    "skip_mean": 0.4919,
    "skip_std": 0.6075
}